8.595,5,2.246,-0.152
8.595,72,1.3,-0.028
8.835,72,1.279,0.095
9.075,72,1.263,0.181
9.33,72,1.217,0.307
9.585,9,2.738,-0.176
9.585,5,2.138,0.246
9.585,72,1.182,0.384
9.81,9,2.777,-0.041
9.81,5,2.045,0.365
9.81,72,1.11,0.518
10.05,9,2.754,0.03
10.05,5,1.983,0.441
10.05,45,3.267,0.559
10.275,9,2.705,0.152
10.275,5,1.856,0.554
10.515,9,2.682,0.201
10.74,9,2.675,0.242
11.205,9,2.546,0.365
11.43,63,3.165,-0.148
11.43,9,2.489,0.416
11.685,63,3.162,-0.11
11.685,9,2.443,0.452
11.955,63,3.162,-0.06
11.955,9,2.364,0.512
12.18,9,2.352,0.507
12.33,9,2.352,0.507
12.48,9,2.352,0.507
12.705,9,2.28,0.538
13.635,9,2.252,0.525
14.535,9,2.174,0.549
14.775,9,2.171,0.543
15,9,2.123,0.571
15.69,9,2.1,0.56
15.915,9,2.085,0.562
16.065,9,2.085,0.562
16.215,9,2.085,0.562
16.44,9,2.059,0.564
16.68,9,2.056,0.567
16.905,9,2.042,0.57
17.13,9,2.026,0.569
17.355,9,2.013,0.572
17.595,63,2.746,-0.066
17.82,63,2.734,-0.065
18.045,63,2.73,-0.065
18.27,63,2.708,-0.061
18.495,63,2.69,-0.076
18.735,9,1.949,0.562
18.96,63,2.681,-0.111
19.65,9,1.942,0.528
20.1,9,1.922,0.533
20.565,9,1.918,0.515
20.79,9,1.926,0.465
21.03,9,1.918,0.465
21.255,9,1.901,0.47
21.48,9,1.873,0.48
21.72,9,1.872,0.478
22.2,9,1.871,0.436
22.44,9,1.899,0.377
22.665,9,1.921,0.327
22.89,9,1.963,0.203
23.355,9,1.964,0.064
23.58,45,2.926,0.496
23.82,45,3.033,0.415
24.045,45,3.099,0.33
24.27,45,3.162,0.254
24.51,45,3.225,0.09
24.735,45,3.231,-0.033
25.65,90,2.556,0.542
25.875,90,2.629,0.475
26.1,90,2.714,0.387
26.325,90,2.76,0.356
26.565,90,2.801,0.303
26.79,90,2.806,0.291
27.015,90,2.754,0.364
27.24,90,2.722,0.38
27.465,90,2.739,0.381
27.705,90,2.738,0.377
27.93,90,2.753,0.346
28.155,90,2.733,0.368
28.62,90,2.629,0.483
28.845,90,2.626,0.482
29.07,90,2.636,0.467
29.31,90,2.668,0.451
29.76,90,2.518,0.566
30,90,2.527,0.563
30.225,90,2.525,0.556
30.465,90,2.564,0.539
30.69,90,2.535,0.554
33.735,45,3.196,-0.205
33.975,45,3.196,-0.206
34.2,45,3.196,-0.212
34.44,45,3.162,-0.25
34.89,45,3.221,-0.137
35.115,45,3.229,-0.136
35.355,45,3.238,-0.138
35.58,45,3.207,-0.151
35.805,45,3.222,-0.154
36.045,45,3.231,-0.081
36.27,45,3.239,-0.041
36.51,45,3.238,-0.041
36.735,45,3.237,-0.046
36.96,45,3.259,-0.076
37.2,45,3.231,-0.052
37.425,45,3.267,0.036
37.65,45,3.236,0.035
37.89,45,3.251,0.031
38.115,45,3.272,0.016
38.355,45,3.248,-0.001
38.58,45,3.256,0.036
39.045,45,3.242,0.117
39.285,45,3.235,0.111
39.51,45,3.264,0.073
39.75,45,3.236,0.042
39.975,45,3.267,0.048
40.215,45,3.231,0.151
40.44,45,3.231,0.148
40.665,45,3.234,0.146
40.89,45,3.234,0.13
41.22,45,3.246,0.094
41.46,45,3.247,0.087
41.7,45,3.243,0.087
41.97,45,3.244,0.087
42.195,45,3.24,0.091
42.435,45,3.203,0.16
42.66,45,3.162,0.26
42.885,45,3.166,0.27
43.11,45,3.169,0.27
43.35,45,3.164,0.27
43.575,45,3.16,0.265
43.8,45,3.162,0.274
44.04,45,3.106,0.348
44.265,45,3.061,0.397
44.505,9,1.926,-0.169
44.505,45,3.054,0.396
44.745,9,1.918,-0.177
44.745,45,3.074,0.379
44.985,9,1.909,-0.209
44.985,45,3.101,0.342
45.225,9,1.915,-0.191
45.225,45,3.08,0.377
45.465,9,1.927,-0.105
45.465,45,2.977,0.466
45.72,9,1.94,-0.092
45.72,45,2.979,0.472
45.96,9,1.936,-0.099
45.96,45,2.984,0.463
46.215,45,3.013,0.438
46.455,9,1.933,-0.111
46.455,45,3.007,0.441
46.725,45,2.846,0.55
46.98,9,1.948,-0.011
46.98,45,2.863,0.551
47.22,9,1.948,-0.014
47.22,45,2.867,0.548
47.445,9,1.945,-0.026
47.445,45,2.884,0.535
47.685,9,1.948,-0.045
47.685,45,2.905,0.517
47.925,9,1.948,0.024
48.15,9,1.946,0.077
48.39,9,1.946,0.077
48.63,9,1.947,0.076
48.87,9,1.942,0.06
49.095,45,2.843,0.558
49.335,45,2.844,0.558
49.575,9,1.951,0.05
49.8,9,1.941,0.205
50.04,9,1.925,0.183
50.28,9,1.923,0.178
50.505,9,1.933,0.146
50.745,9,1.941,0.12
50.97,9,1.945,0.07
51.21,9,1.944,0.057
51.675,9,1.903,0.239
51.96,9,1.893,0.272
52.185,9,1.897,0.269
52.41,9,1.915,0.251
52.65,9,1.923,0.219
52.875,9,1.931,0.166
53.115,9,1.933,0.151
53.34,9,1.917,0.202
53.58,9,1.911,0.251
53.805,9,1.903,0.252
54.045,9,1.913,0.243
54.27,9,1.92,0.219
54.495,9,1.904,0.25
54.735,9,1.864,0.336
54.96,9,1.868,0.337
55.2,9,1.871,0.331
55.425,9,1.88,0.309
55.665,9,1.901,0.288
55.89,9,1.912,0.249
56.115,9,1.871,0.321
56.355,9,1.816,0.429
56.58,9,1.781,0.479
56.82,9,1.768,0.492
57.045,9,1.776,0.488
57.27,9,1.795,0.46
57.495,9,1.835,0.399
57.735,9,1.861,0.361
57.96,9,1.848,0.384
58.185,9,1.795,0.456
58.41,63,2.368,-0.186
58.65,9,1.704,0.568
58.875,9,1.689,0.567
59.115,9,1.718,0.555
59.34,9,1.74,0.534
59.565,9,1.776,0.498
60.255,63,2.389,-0.059
60.48,63,2.396,-0.06
60.705,63,2.396,-0.06
60.93,63,2.386,-0.104
61.155,63,2.377,-0.129
61.395,63,2.368,-0.127
61.62,63,2.386,-0.01
62.115,63,2.384,0.101
62.34,63,2.382,0.098
62.565,63,2.378,0.083
62.79,63,2.391,0.063
63.015,63,2.37,0.148
63.255,63,2.369,0.183
63.48,63,2.373,0.181
63.705,63,2.359,0.172
63.93,63,2.387,0.13
64.17,63,2.374,0.149
64.395,63,2.353,0.217
64.605,63,2.344,0.225
64.83,63,2.366,0.215
65.73,63,2.354,0.18
65.94,63,2.358,0.172
66.18,63,2.361,0.172
66.39,63,2.355,0.172
66.63,63,2.345,0.172
66.84,63,2.351,0.172
67.065,63,2.356,0.172
67.29,63,2.355,0.172
67.515,63,2.355,0.172
67.74,63,2.35,0.172
67.965,63,2.353,0.172
68.19,63,2.356,0.171
68.415,63,2.355,0.172
68.655,63,2.354,0.172
68.895,63,2.352,0.172
69.135,63,2.352,0.172
69.36,63,2.355,0.172
69.6,63,2.355,0.172
69.84,63,2.355,0.172
70.065,63,2.355,0.172
70.29,63,2.353,0.172
70.53,63,2.353,0.172
70.755,63,2.355,0.172
70.995,63,2.355,0.172
71.22,63,2.35,0.193
71.46,63,2.314,0.249
71.97,63,2.154,0.444
72.21,63,2.018,0.571
72.435,27,3.973,0.104
72.885,27,3.817,0.271
73.125,27,3.674,0.38
73.59,61,3.065,-0.07
73.815,81,2.005,0.38
73.815,27,3.504,0.479
74.505,25,6.473,0.022
74.73,81,1.983,0.396
74.73,27,3.473,0.489
74.955,61,3.033,-0.05
74.955,27,3.469,0.491
75.195,23,1.367,0.205
75.195,27,3.497,0.49
75.42,23,1.344,0.217
75.42,27,3.501,0.491
75.645,25,6.624,0.021
75.645,27,3.473,0.491
75.885,23,1.314,0.219
75.885,27,3.484,0.491
76.11,81,1.987,0.396
76.11,27,3.48,0.491
76.35,25,6.624,0.022
76.35,27,3.501,0.49
76.575,25,6.624,0.009
76.575,27,3.485,0.492
76.8,81,1.985,0.399
76.8,27,3.487,0.491
77.04,81,1.984,0.408
77.04,27,3.482,0.491
77.265,81,1.997,0.408
77.265,27,3.481,0.491
77.505,81,1.984,0.416
77.505,27,3.491,0.491
77.745,81,2,0.421
77.745,27,3.486,0.49
77.97,27,3.485,0.491
78.21,27,3.484,0.491
78.45,27,3.485,0.49
78.69,27,3.486,0.491
78.915,27,3.491,0.49
79.155,27,3.489,0.491
79.38,81,1.975,0.405
79.38,27,3.487,0.491
79.605,27,3.468,0.497
79.845,27,3.499,0.501
80.085,61,3.022,-0.051
80.085,27,3.499,0.502
80.565,61,3.033,0.029
80.79,61,3.003,0.109
80.79,81,1.837,0.557
81.03,61,2.938,0.233
81.27,61,2.887,0.317
81.75,7,4.056,-0.078
81.75,5,1.739,0.214
81.75,61,2.725,0.448
82.02,61,2.661,0.492
82.02,25,5.697,0.561
82.26,61,2.547,0.563
82.5,36,4.709,0.498
82.74,5,1.677,0.383
82.98,5,1.681,0.385
83.22,5,1.667,0.391
83.46,5,1.673,0.391
83.685,5,1.662,0.394
83.925,36,4.658,0.5
84.165,36,4.602,0.512
84.405,5,1.675,0.394
84.645,5,1.669,0.396
84.885,5,1.666,0.396
84.885,36,4.588,0.51
85.365,36,4.53,0.522
85.605,5,1.669,0.397
85.605,36,4.46,0.521
85.845,36,4.46,0.521
86.07,36,4.46,0.517
86.31,5,1.693,0.384
86.55,5,1.678,0.384
86.79,5,1.679,0.383
87.03,5,1.673,0.384
87.27,14,3.196,0.442
87.27,36,4.46,0.524
87.51,5,1.681,0.376
87.75,14,3.196,0.431
87.75,36,4.363,0.531
87.975,5,1.721,0.316
88.215,36,4.53,0.444
88.455,14,3.2,0.341
88.455,61,2.297,0.572
88.695,14,3.171,0.343
88.695,36,4.541,0.449
88.92,5,1.746,0.259
89.16,14,3.201,0.25
89.16,61,2.308,0.519
89.4,7,3.626,-0.105
89.4,61,2.29,0.52
89.64,61,2.28,0.518
89.88,14,3.104,0.237
89.88,36,4.677,0.36
90.12,5,1.79,0.168
90.12,61,2.267,0.523
90.585,61,2.318,0.449
90.825,14,3.041,0.146
90.825,61,2.311,0.448
91.065,7,3.499,-0.182
91.065,5,1.808,0.07
91.065,14,3.033,0.143
91.065,36,4.677,0.281
91.065,61,2.295,0.449
91.305,5,1.811,0.065
91.305,14,3.008,0.139
91.305,36,4.63,0.279
91.305,61,2.289,0.45
91.545,36,4.677,0.25
91.545,61,2.297,0.421
92.085,36,4.741,0.202
92.085,61,2.318,0.379
92.31,61,2.32,0.395
92.55,36,4.653,0.204
92.55,61,2.304,0.382
92.79,61,2.299,0.381
93.03,36,4.677,0.202
93.03,61,2.281,0.383
93.27,36,4.634,0.202
93.27,61,2.274,0.383
93.495,70,5.813,0.054
93.495,61,2.26,0.383
93.975,70,5.813,0.045
93.975,61,2.237,0.388
94.215,14,2.751,0.024
94.215,61,2.221,0.389
94.455,36,4.584,0.193
94.455,61,2.219,0.39
94.68,25,5.697,0.362
94.92,36,4.53,0.195
94.92,61,2.196,0.394
95.16,36,4.566,0.197
95.16,61,2.203,0.395
95.4,14,2.689,0.005
95.4,61,2.185,0.399
95.64,36,4.53,0.207
95.64,61,2.163,0.403
95.88,70,5.813,0.054
95.88,61,2.168,0.409
96.105,70,5.813,0.053
96.105,61,2.156,0.407
96.585,70,5.697,0.061
96.585,61,2.125,0.412
96.825,70,5.697,0.059
96.825,61,2.11,0.414
97.065,70,5.697,0.06
97.065,61,2.106,0.415
97.305,70,5.697,0.061
97.305,61,2.095,0.417
97.545,70,5.697,0.06
97.545,61,2.082,0.417
97.785,70,5.697,0.056
97.785,61,2.074,0.419
98.01,36,4.46,0.203
98.01,61,2.077,0.417
98.25,70,5.697,0.053
98.25,61,2.063,0.418
98.49,70,5.697,0.055
98.49,61,2.049,0.419
98.73,70,5.585,0.051
98.73,61,2.035,0.421
98.955,61,2.08,0.365
99.195,5,1.795,-0.094
99.42,61,2.123,0.278
99.66,61,2.138,0.187
99.885,61,2.139,0.122
99.885,54,6.473,0.296
99.885,16,4.833,0.405
100.13,25,5.813,0.01
100.13,61,2.138,0.068
100.13,54,6.473,0.236
100.13,16,4.842,0.345
100.13,41,3.541,0.422
100.36,61,2.126,0.044
100.36,16,4.916,0.325
100.36,41,3.528,0.399
100.6,25,5.697,-0.026
100.6,54,6.624,0.217
100.6,16,4.839,0.32
100.6,41,3.52,0.392
101.07,25,5.654,-0.031
101.07,61,2.072,0.022
101.07,54,6.473,0.193
101.07,16,4.839,0.31
101.07,41,3.458,0.376
101.31,16,4.916,0.319
101.55,61,2.044,0.042
101.55,16,4.833,0.332
101.55,41,3.379,0.395
101.79,16,4.754,0.339
101.79,41,3.379,0.399
102.08,16,4.762,0.335
102.08,41,3.337,0.4
102.3,54,6.329,0.229
102.3,41,3.303,0.407
102.77,16,4.747,0.363
102.77,41,3.224,0.423
103,54,6.329,0.246
103,41,3.171,0.428
103.23,54,6.345,0.257
103.23,41,3.162,0.432
103.47,54,6.206,0.264
103.47,41,3.129,0.435
103.71,61,1.871,0.102
103.71,41,3.073,0.448
103.94,16,4.582,0.387
103.94,41,3.065,0.444
104.17,16,4.602,0.391
104.17,41,3.01,0.448
104.41,61,1.824,0.116
104.41,41,2.973,0.454
105.12,16,4.46,0.417
105.12,41,2.887,0.483
105.58,61,1.729,0.139
105.58,41,2.808,0.484
105.83,61,1.715,0.146
105.83,41,2.78,0.495
106.05,61,1.684,0.16
106.05,41,2.73,0.496
106.29,54,6.06,0.325
106.29,41,2.705,0.501
106.53,61,1.659,0.168
106.53,41,2.661,0.516
106.77,25,5.277,0.085
106.77,41,2.656,0.512
106.99,61,1.622,0.168
106.99,41,2.607,0.52
107.22,61,1.605,0.185
107.22,41,2.556,0.532
107.7,61,1.591,0.166
107.7,41,2.475,0.552
107.94,54,5.813,0.368
107.94,41,2.434,0.562
108.41,61,1.527,0.203
108.41,16,4.028,0.515
108.64,25,5.099,0.137
108.64,16,4.042,0.511
109.11,61,1.457,0.254
109.35,41,2.297,0.558
109.58,54,5.813,0.308
109.58,41,2.314,0.521
109.81,16,4.264,0.399
109.81,41,2.35,0.482
110.05,16,4.289,0.337
110.05,41,2.369,0.426
110.28,41,2.396,0.392
110.52,16,4.393,0.262
110.52,41,2.411,0.348
110.74,41,2.428,0.274
110.97,27,2.471,0.568
111.21,27,2.508,0.532
111.44,41,2.436,0.145
111.44,27,2.587,0.478
111.67,41,2.411,0.096
111.67,27,2.625,0.425
111.9,41,2.424,0.049
112.17,27,2.712,0.323
112.39,27,2.744,0.288
112.63,27,2.745,0.233
112.86,27,2.763,0.199
113.08,27,2.78,0.175
113.31,27,2.787,0.128
113.55,81,1.115,0.543
113.77,27,2.793,0.053
113.77,81,1.112,0.529
114,81,1.131,0.498
114.22,27,2.795,0.004
114.69,81,1.141,0.458
114.91,27,2.79,-0.003
115.16,27,2.784,0.009
115.38,27,2.763,-0.007
115.6,27,2.756,0.001
115.84,27,2.753,0.049
116.07,27,2.716,0.089
116.3,27,2.73,0.119
116.52,27,2.682,0.176
116.74,27,2.675,0.214
116.98,27,2.649,0.241
117.21,27,2.63,0.281
117.44,27,2.589,0.327
117.67,27,2.552,0.366
117.9,41,1.867,0.102
117.9,27,2.535,0.385
118.14,41,1.823,0.165
118.14,27,2.468,0.451
118.36,16,4.36,0.04
118.59,27,2.399,0.517
118.83,41,1.725,0.298
118.83,27,2.331,0.561
119.05,41,1.696,0.327
119.3,41,1.676,0.347
119.53,16,4.207,0.175
119.76,41,1.619,0.377
120.22,41,1.554,0.396
120.69,16,4.202,0.178
120.93,16,4.202,0.181
121.17,16,4.157,0.181
121.39,41,1.408,0.442
121.86,41,1.342,0.468
122.16,16,4.084,0.182
122.63,16,4.033,0.187
122.63,41,1.254,0.509
122.85,54,5.585,0.044
122.85,41,1.222,0.515
123.31,16,4.084,0.072
124.66,27,2.405,0.076
128.53,63,2.076,0.398
128.76,63,2.114,0.338
128.98,63,2.151,0.285
129.22,63,2.172,0.224
129.45,63,2.198,0.158
129.67,63,2.21,0.11
129.9,9,2.859,0.556
130.37,63,2.219,0.006
130.59,63,2.214,0.088
130.83,63,2.194,0.191
131.06,63,2.196,0.191
131.29,63,2.192,0.185
131.52,63,2.192,0.171
131.76,63,2.206,0.11
132.03,63,2.218,0.118
132.25,63,2.177,0.229
132.48,63,2.176,0.231
132.72,63,2.18,0.229
132.94,63,2.194,0.188
133.17,63,2.205,0.165
133.41,63,2.186,0.195
133.63,63,2.184,0.23
133.86,63,2.164,0.265
134.1,63,2.167,0.265
134.32,63,2.173,0.249
134.55,63,2.175,0.247
134.78,63,2.138,0.312
135,63,2.126,0.363
135.24,63,2.11,0.363
135.47,63,2.117,0.345
135.69,63,2.147,0.317
135.91,63,2.15,0.284
136.14,63,2.173,0.264
136.37,63,2.143,0.321
136.83,63,2.061,0.439
137.06,63,2.065,0.435
137.28,63,2.082,0.422
137.5,63,2.106,0.373
138.19,63,2.067,0.446
138.42,63,2.051,0.468
138.64,63,2.054,0.455
138.87,63,2.076,0.416
139.09,63,2.095,0.401
139.34,63,2.093,0.401
139.56,63,2.092,0.401
139.78,63,2.092,0.4
140.03,63,2.105,0.374
140.25,63,2.088,0.396
140.47,63,2.029,0.471
140.7,63,2.041,0.468
140.94,63,2.046,0.466
141.16,63,2.062,0.434
141.39,63,2.099,0.4
142.11,63,2.232,0.031
142.8,45,4.98,0.23
143.25,45,5.09,0.021
143.72,90,4.833,0.43
144.39,90,5.09,0.145
145.06,18,1.648,0.507
145.31,18,1.697,0.425
145.53,23,2.24,0.567
145.75,23,2.336,0.458
146,23,2.374,0.4
146.22,23,2.375,0.369
146.46,18,1.761,0.091
146.46,23,2.371,0.355
146.7,23,2.347,0.369
146.94,23,2.309,0.377
147.18,23,2.293,0.382
147.41,18,1.695,0.099
147.41,23,2.256,0.393
147.64,23,2.223,0.399
147.88,18,1.665,0.102
147.88,23,2.203,0.412
148.13,23,2.173,0.417
148.36,23,2.136,0.431
148.59,23,2.106,0.437
148.83,23,2.096,0.44
149.07,23,2.064,0.444
149.55,23,1.992,0.469
150.01,18,1.515,0.104
150.01,23,1.961,0.486
150.25,23,1.918,0.489
150.5,23,1.896,0.486
150.73,23,1.877,0.49
150.96,23,1.828,0.517
151.2,23,1.819,0.514
151.44,23,1.788,0.525
151.68,23,1.745,0.545
151.97,23,1.726,0.55
152.19,23,1.679,0.563
152.43,18,1.331,0.091
152.43,23,1.655,0.567
152.67,23,1.631,0.572
152.91,18,1.295,0.074
153.13,18,1.294,0.115
153.38,18,1.256,0.093
153.61,18,1.251,0.081
153.85,18,1.224,0.076
154.08,18,1.221,0.075
154.32,18,1.219,0.037
154.56,18,1.185,0.124
154.78,18,1.18,0.129
155.03,18,1.147,0.135
155.26,18,1.153,0.181
155.49,18,1.131,0.174
155.73,18,1.12,0.204
155.97,18,1.11,0.248
157.57,90,4.46,-0.045
158.03,72,2.606,-0.125
158.03,90,4.46,0.057
158.25,72,2.622,-0.071
158.25,90,4.393,0.121
158.47,90,4.393,0.164
158.7,90,4.347,0.203
158.94,90,4.264,0.246
159.16,90,4.248,0.305
159.39,72,2.581,0.128
159.39,90,4.202,0.322
159.61,90,4.202,0.331
159.85,90,4.202,0.326
160.08,90,4.187,0.333
160.32,90,4.142,0.327
160.54,72,2.529,0.143
160.77,90,4.172,0.341
161,90,4.15,0.336
161.23,90,4.142,0.328
161.46,72,2.513,0.135
161.7,72,2.489,0.143
162.19,90,4.084,0.336
162.44,90,4.084,0.337
162.66,90,4.073,0.337
162.88,72,2.45,0.145
162.88,90,4.084,0.338
163.13,72,2.473,0.125
163.13,90,4.084,0.326
163.36,72,2.463,0.126
163.59,72,2.424,0.139
163.59,90,4.084,0.325
163.83,72,2.413,0.145
163.83,90,4.028,0.341
164.06,72,2.429,0.128
164.06,90,4.028,0.334
164.29,72,2.407,0.148
164.29,90,4.039,0.338
164.52,72,2.392,0.145
164.52,90,4,0.338
164.76,72,2.386,0.148
164.76,90,3.991,0.339
164.98,72,2.39,0.148
164.98,90,4.028,0.339
165.22,72,2.381,0.143
165.22,90,4.028,0.336
165.45,72,2.363,0.146
165.45,90,3.973,0.339
165.93,72,2.32,0.157
165.93,90,3.923,0.35
166.17,72,2.293,0.154
166.17,90,3.919,0.348
166.39,72,2.286,0.154
166.39,90,3.919,0.341
166.88,72,2.243,0.157
166.88,90,3.868,0.343
167.1,72,2.238,0.156
167.1,90,3.868,0.345
167.34,90,3.868,0.345
167.81,90,3.817,0.348
168.03,72,2.178,0.152
168.03,90,3.817,0.355
168.25,72,2.16,0.163
168.25,90,3.772,0.363
168.5,72,2.133,0.163
168.5,90,3.768,0.366
168.96,72,2.114,0.17
168.96,90,3.726,0.371
169.19,90,3.72,0.361
169.41,72,2.104,0.185
169.63,72,2.053,0.266
169.88,72,1.978,0.372
170.1,45,4.123,-0.075
170.1,72,1.892,0.472
170.34,72,1.819,0.549
170.58,45,4.084,0.133
170.82,45,3.973,0.211
171.07,9,2.459,0.021
171.07,45,3.868,0.332
171.33,9,2.425,0.107
171.33,45,3.763,0.423
171.57,9,2.379,0.222
171.57,45,3.555,0.545
171.81,9,2.323,0.309
172.08,9,2.254,0.391
172.32,9,2.127,0.526
172.54,63,2.044,-0.133
172.8,63,2.059,-0.055
173.04,63,2.042,0.032
173.28,63,2.011,0.158
173.5,63,1.975,0.233
173.76,63,1.936,0.312
174,63,1.84,0.446
174.25,63,1.756,0.533
175.16,81,1.329,0.118
175.6,81,1.289,0.231
176.07,16,5.001,-0.037
176.31,81,1.226,0.287
177.47,16,4.647,0.336
177.69,16,4.53,0.393
177.93,25,5.479,0.104
178.16,16,4.264,0.521
178.39,16,4.142,0.567
178.86,61,1.892,0.219
178.86,25,5.277,0.332
179.08,14,5.09,0.166
179.08,5,4.46,0.465
179.32,14,5.09,0.161
179.55,5,4.393,0.47
180.03,14,5.03,0.183
180.03,25,5.182,0.351
180.27,14,5.001,0.184
180.27,5,4.327,0.485
180.51,25,5.182,0.351
180.51,5,4.327,0.489
180.75,61,1.771,0.25
180.75,5,4.264,0.491
180.99,61,1.738,0.258
181.23,5,4.172,0.487
181.47,14,4.916,0.199
181.47,5,4.084,0.496
181.69,14,4.916,0.208
181.69,5,4.084,0.494
181.98,14,4.833,0.212
181.98,5,4.084,0.504
182.22,41,1.537,-0.091
182.22,54,5.376,0.551
182.46,25,5.182,0.214
182.46,16,3.973,0.567
182.69,25,5.277,0.163
182.69,16,4.084,0.521
182.92,61,1.677,-0.003
182.92,16,4.172,0.467
183.15,61,1.66,-0.033
183.39,16,4.248,0.384
183.63,14,4.861,-0.115
183.63,16,4.223,0.392
183.87,61,1.604,-0.054
183.87,16,4.202,0.387
184.09,16,4.251,0.387
184.33,5,4.202,0.194
184.33,16,4.211,0.396
184.57,36,3.868,-0.197
184.57,16,4.152,0.399
184.8,16,4.202,0.404
185.04,54,5.813,0.293
185.04,16,4.092,0.407
185.28,25,5.105,0.034
185.28,16,4.084,0.409
185.5,16,4.113,0.413
185.75,25,5.101,0.032
185.75,16,4.084,0.405
185.98,54,5.813,0.297
185.98,16,4.098,0.407
186.45,25,5.09,0.032
186.69,16,3.977,0.415
186.91,25,5.001,0.017
186.91,16,4.017,0.407
187.16,36,3.648,-0.205
187.16,16,3.973,0.409
187.39,54,5.697,0.289
187.39,16,3.973,0.418
187.63,36,3.674,-0.205
187.63,16,3.967,0.419
187.86,16,3.959,0.413
188.1,54,5.585,0.301
188.1,16,3.924,0.423
188.34,5,3.662,0.245
188.34,16,3.868,0.425
189.03,16,4.094,0.219
189.25,27,2.16,0.537
189.48,27,2.235,0.465
189.7,27,2.283,0.386
189.93,27,2.338,0.307
190.39,27,2.372,0.229
190.62,27,2.374,0.18
190.84,27,2.378,0.158
191.07,27,2.405,0.109
191.31,27,2.35,0.127
191.53,27,2.317,0.179
191.76,27,2.272,0.258
192.04,27,2.243,0.302
192.28,27,2.182,0.36
192.51,27,2.198,0.352
192.73,27,2.158,0.371
192.97,16,3.973,-0.081
192.97,27,2.134,0.381
193.2,27,2.131,0.38
193.44,27,2.128,0.378
193.66,16,3.919,-0.091
193.66,27,2.153,0.366
193.91,5,3.065,-0.227
193.91,16,3.932,-0.09
193.91,27,2.092,0.39
194.13,16,3.919,-0.093
194.13,27,2.103,0.373
194.37,5,3.033,-0.215
194.37,16,3.893,-0.087
194.37,27,2.069,0.397
194.61,16,3.919,-0.077
194.83,5,2.973,-0.212
194.83,16,3.868,-0.086
194.83,27,2.04,0.401
195.07,16,3.868,-0.077
195.07,27,2.027,0.415
195.31,16,3.842,-0.079
195.31,27,2.01,0.42
195.54,5,2.887,-0.203
195.54,16,3.817,-0.087
195.54,27,2.002,0.411
195.78,5,2.887,-0.206
195.78,16,3.825,-0.094
195.78,27,1.994,0.412
196.02,5,2.854,-0.206
196.02,16,3.768,-0.098
196.02,27,2.013,0.387
196.25,5,2.832,-0.206
196.26,16,3.768,-0.098
196.26,27,1.968,0.41
196.48,5,2.806,-0.207
196.48,16,3.768,-0.098
196.48,27,1.96,0.413
196.72,5,2.799,-0.203
196.72,16,3.742,-0.097
196.72,27,1.941,0.417
197.19,5,2.754,-0.203
197.19,16,3.735,-0.101
197.19,27,1.928,0.418
197.43,5,2.721,-0.199
197.43,16,3.72,-0.098
197.43,27,1.931,0.407
197.67,5,2.705,-0.192
197.67,16,3.723,-0.098
197.67,27,1.896,0.423
197.89,5,2.681,-0.183
197.89,16,3.72,-0.094
197.89,27,1.889,0.431
198.13,5,2.681,-0.179
198.13,16,3.697,-0.092
198.13,27,1.886,0.435
198.38,16,3.72,-0.081
198.6,5,2.611,-0.177
198.6,16,3.68,-0.097
198.6,27,1.862,0.436
199.06,5,2.55,-0.226
199.06,16,3.631,-0.154
199.06,27,1.878,0.383
199.31,5,2.546,-0.221
199.31,16,3.628,-0.15
199.31,27,1.866,0.388
199.53,5,2.483,-0.257
199.53,16,3.584,-0.19
199.53,27,1.872,0.356
199.77,16,3.599,-0.19
199.77,27,1.872,0.348
200,27,1.881,0.315
200.46,27,1.857,0.292
200.7,27,1.881,0.257
201.16,27,1.817,0.28
201.9,27,1.768,0.303
202.16,27,1.766,0.292
202.84,27,1.687,0.333
203.31,27,1.672,0.339
203.55,27,1.655,0.347
203.78,27,1.631,0.386
204.24,27,1.626,0.339
204.48,27,1.578,0.381
204.94,27,1.583,0.364
205.19,27,1.54,0.398
205.42,27,1.539,0.398
205.65,27,1.526,0.4
205.89,27,1.519,0.406
206.13,27,1.508,0.412
206.37,27,1.498,0.416
206.61,27,1.487,0.419
206.85,16,3.129,-0.236
206.85,27,1.471,0.423
207.09,27,1.449,0.436
207.31,27,1.419,0.459
207.55,27,1.411,0.458
208.51,27,1.309,0.53
208.75,27,1.331,0.503
209,27,1.287,0.527
209.78,16,3.003,-0.168
209.79,27,1.233,0.559
210.01,16,2.973,-0.163
210.01,27,1.215,0.568
210.5,16,2.944,-0.148
210.97,16,2.915,-0.144
213.55,27,1.122,0.447
214.02,27,1.174,0.313
214.92,27,1.221,0.126
215.59,27,1.158,0.352
215.83,27,1.175,0.34
216.06,27,1.158,0.365
217.2,27,1.151,0.422
217.42,27,1.147,0.412
218.11,27,1.123,0.511
218.35,27,1.123,0.509
219.04,27,1.135,0.466
221.8,16,2.775,-0.13
222.31,16,2.754,-0.103
222.54,16,2.718,-0.101
223.69,16,2.684,-0.082
223.94,16,2.678,-0.08
224.16,16,2.664,-0.079
224.38,16,2.663,-0.077
224.63,16,2.664,-0.079
224.85,16,2.652,-0.079
225.09,16,2.637,-0.077
225.31,16,2.635,-0.079
225.78,16,2.612,-0.05
226.47,16,2.589,-0.028
226.69,16,2.566,-0.017
226.94,16,2.549,-0.007
227.16,16,2.528,0.005
227.85,16,2.477,-0.062
228.07,16,2.443,-0.183
233.32,63,2.163,0.556
233.56,63,2.187,0.524
233.79,63,2.285,0.413
234.01,63,2.335,0.342
234.01,9,3.541,0.516
234.25,63,2.372,0.252
234.48,63,2.416,0.135
234.72,45,5.585,0.198
234.94,63,2.42,-0.032
235.17,81,1.345,0.47
235.41,81,1.345,0.464
235.65,81,1.335,0.456
235.88,45,5.697,0.011
235.88,81,1.329,0.442
236.11,81,1.301,0.466
236.34,9,3.817,0.029
236.34,81,1.324,0.432
236.58,63,2.265,-0.176
236.58,81,1.279,0.458
236.8,45,5.585,-0.022
236.8,81,1.277,0.449
237.04,9,3.805,0.011
237.04,81,1.27,0.437
237.73,9,3.72,-0.059
237.97,81,1.263,0.343
238.44,81,1.301,0.231
238.66,81,1.294,0.201
238.91,81,1.305,0.155
239.13,81,1.31,0.127
239.37,81,1.312,0.1
239.59,18,2.924,0.532
239.83,18,3.003,0.485
240.06,18,3.043,0.445
240.3,18,3.133,0.375
240.54,18,3.176,0.327
240.76,18,3.208,0.283
241,18,3.273,0.207
241.23,18,3.301,0.154
241.47,18,3.309,0.093
241.71,18,3.325,-0.012
242,18,3.312,-0.077
242.23,18,3.322,-0.133
242.47,18,3.315,-0.126
242.7,18,3.34,-0.062
242.94,18,3.331,0.024
243.18,18,3.323,0.097
243.41,18,3.277,0.194
243.64,18,3.26,0.246
243.87,18,3.203,0.297
244.11,18,3.138,0.38
244.35,18,3.095,0.423
244.57,18,2.981,0.5
244.81,18,2.922,0.54
245.75,18,2.954,0.523
245.98,18,2.954,0.525
246.22,81,1.395,0.079
246.22,18,2.947,0.528
246.45,18,2.911,0.553
247.86,81,1.348,0.143
248.31,18,2.929,0.54
248.55,18,3.005,0.491
248.79,18,3.119,0.372
249.48,18,3.231,0.217
249.72,18,3.267,0.138
249.96,18,3.277,0.051
250.2,18,3.27,-0.037
250.42,18,3.233,-0.088
250.66,18,3.201,-0.147
250.91,18,3.179,-0.203
251.14,18,3.129,-0.266
252.16,18,3.033,-0.319
252.41,18,3.033,-0.297
254.79,7,2.691,0.525
255.03,7,2.792,0.444
255.25,7,2.844,0.363
255.5,7,2.94,0.24
255.73,7,2.967,0.167
255.97,7,2.965,0.149
256.2,7,2.988,0.055
256.44,7,2.98,-0.035
256.68,7,2.958,-0.105
257.37,36,2.592,0.475
257.59,36,2.715,0.339
258.07,36,2.78,0.218
258.31,25,3.285,0.557
258.54,36,2.76,0.168
258.78,36,2.734,0.171
259.02,36,2.714,0.194
259.26,36,2.703,0.2
259.5,70,4.084,0.093
259.5,25,3.228,0.56
259.72,36,2.705,0.095
259.96,25,3.343,0.477
260.2,36,2.675,0.001
260.44,25,3.415,0.418
260.67,25,3.387,0.418
260.91,25,3.356,0.418
261.15,25,3.352,0.421
261.39,25,3.35,0.425
261.63,25,3.33,0.429
261.87,25,3.305,0.43
262.15,25,3.293,0.43
262.39,25,3.271,0.432
262.62,36,2.539,0.005
262.62,25,3.267,0.435
262.86,25,3.236,0.436
263.1,25,3.231,0.431
263.34,25,3.233,0.438
263.58,25,3.205,0.439
263.82,25,3.202,0.442
264.06,25,3.179,0.443
264.28,25,3.196,0.438
264.52,36,2.412,0.009
264.52,25,3.152,0.448
264.76,70,3.771,-0.064
264.76,25,3.137,0.452
265,25,3.118,0.458
265.25,25,3.111,0.461
265.49,25,3.081,0.462
265.71,25,3.067,0.465
265.95,36,2.334,0.039
265.95,25,3.033,0.498
266.19,25,2.952,0.533
266.43,25,2.94,0.539
266.67,25,2.919,0.54
266.89,36,2.266,0.137
267.13,36,2.227,0.193
267.38,36,2.233,0.193
267.62,36,2.218,0.191
267.84,36,2.216,0.188
268.08,36,2.163,0.227
268.32,36,2.13,0.27
268.56,36,2.106,0.288
268.78,70,3.504,0.222
268.78,36,2.096,0.307
269.02,36,2.056,0.319
269.26,36,2.041,0.33
269.5,36,2.018,0.34
269.75,36,2,0.335
269.99,36,2.007,0.315
270.22,36,1.97,0.338
270.45,36,1.951,0.335
270.69,36,1.943,0.356
270.93,36,1.935,0.383
271.17,36,1.899,0.361
271.41,70,3.303,0.241
271.41,36,1.911,0.35
271.65,36,1.881,0.338
271.89,70,3.267,0.259
271.89,36,1.859,0.369
272.18,36,1.841,0.373
272.41,70,3.201,0.267
272.41,36,1.809,0.381
272.88,36,1.786,0.38
273.12,36,1.795,0.372
273.36,36,1.738,0.401
273.6,36,1.725,0.401
273.84,36,1.701,0.412
274.08,36,1.69,0.421
274.32,36,1.668,0.425
274.56,36,1.665,0.423
274.78,70,3.028,0.294
274.78,36,1.637,0.428
275.02,36,1.607,0.443
275.26,36,1.602,0.443
275.5,36,1.565,0.458
275.75,36,1.574,0.449
275.99,36,1.535,0.47
276.22,36,1.523,0.47
276.45,36,1.511,0.476
276.7,36,1.488,0.485
276.93,36,1.46,0.503
277.17,36,1.448,0.51
277.39,36,1.448,0.497
277.63,36,1.41,0.517
277.88,36,1.399,0.507
278.12,36,1.383,0.52
278.35,36,1.385,0.503
278.58,70,2.743,0.346
278.58,36,1.36,0.526
278.82,36,1.323,0.548
279.06,36,1.326,0.54
279.3,36,1.3,0.559
279.54,36,1.28,0.569
279.78,36,1.269,0.57
280.02,36,1.258,0.569
280.5,70,2.583,0.393
280.96,70,2.54,0.408
281.2,70,2.522,0.413
281.44,70,2.511,0.407
281.7,70,2.482,0.408
281.99,70,2.461,0.414
282.22,70,2.43,0.426
282.46,70,2.412,0.435
282.7,70,2.389,0.441
282.94,70,2.377,0.432
283.19,70,2.342,0.465
283.41,70,2.247,0.541
283.65,70,2.207,0.567
291.1,70,2.135,0.491
291.34,70,2.126,0.483
291.82,70,2.058,0.542
292.59,70,2.018,0.558
296.12,7,1.353,-0.364
296.82,7,1.344,-0.283
297.3,7,1.334,-0.198
297.54,7,1.344,-0.107
297.8,7,1.336,-0.107
298.02,7,1.293,-0.134
298.26,7,1.293,-0.051
298.5,7,1.288,-0.059
298.74,7,1.264,0.027
298.98,7,1.248,0.034
299.22,7,1.226,0.087
299.46,7,1.203,0.172
299.7,7,1.19,0.208
299.94,7,1.167,0.231
300.18,7,1.147,0.272
300.44,7,1.142,0.272
304.55,18,3.258,-0.171
304.78,18,3.267,-0.147
305.25,18,3.233,-0.113
305.73,18,3.214,-0.111
305.95,18,3.201,-0.122
306.44,18,3.156,-0.116
306.66,18,3.162,-0.12
306.9,18,3.133,-0.118
307.38,18,3.089,-0.12
307.84,18,3.065,-0.119
308.07,18,3.037,-0.12
308.31,18,3.027,-0.117
308.55,18,3.022,-0.118
308.77,18,3.003,-0.131
309.01,18,2.974,-0.118
309.25,18,2.969,-0.12
309.72,18,2.92,-0.13
310.2,18,2.899,-0.127
310.43,18,2.906,-0.071
310.65,18,2.883,0.013
310.89,18,2.859,0.098
311.58,72,4.715,0.164
311.58,18,2.657,0.391
311.83,18,2.504,0.519
312.1,72,4.46,0.371
312.33,72,4.327,0.495
312.56,9,4.916,0.189
312.8,9,4.833,0.264
313.03,23,1.475,0.206
313.03,45,6.191,0.428
313.26,23,1.431,0.244
313.5,45,6.06,0.462
313.72,45,6.06,0.484
313.96,45,5.933,0.492
314.2,45,6.06,0.48
314.43,45,5.933,0.478
314.67,23,1.264,0.3
314.91,23,1.231,0.317
315.15,81,2.45,0.073
315.38,23,1.16,0.341
315.62,23,1.133,0.311
315.84,81,2.368,-0.071
316.08,81,2.332,-0.151
316.31,81,2.314,-0.222
316.31,72,4.152,0.467
316.55,72,4.309,0.359
317.01,18,2.342,0.52
317.24,18,2.449,0.397
317.46,18,2.511,0.309
317.7,18,2.542,0.232
317.93,18,2.567,0.124
318.15,18,2.569,0.045
318.39,18,2.589,-0.009
318.62,18,2.546,-0.114
318.84,18,2.512,-0.186
319.08,18,2.504,-0.239
326.73,18,2.202,-0.241
326.97,18,2.196,-0.231
327.44,18,2.214,-0.142
327.68,18,2.187,-0.146
328.14,18,2.193,-0.132
328.37,18,2.18,-0.043
328.59,18,2.206,0.009
328.83,18,2.198,0.018
329.06,18,2.168,0.064
329.28,18,2.122,0.155
329.52,18,2.104,0.208
329.75,18,2.075,0.227
329.97,18,2.052,0.273
330.21,18,2.046,0.293
330.44,18,1.951,0.395
330.68,18,1.943,0.402
331.13,18,1.849,0.507
331.35,18,1.787,0.563
331.59,72,3.868,0.275
331.59,18,1.787,0.567
331.81,72,3.868,0.297
332.32,72,3.734,0.37
332.32,90,4.916,0.557
332.56,72,3.674,0.408
332.79,72,3.6,0.455
333.03,72,3.594,0.458
333.25,72,3.499,0.526
333.48,72,3.468,0.535
333.72,9,4.264,0.081
333.72,72,3.44,0.541
333.96,72,3.462,0.545
334.19,9,4.264,0.089
334.19,72,3.438,0.546
334.43,45,5.697,0.302
334.65,45,5.585,0.376
334.89,63,3.269,-0.136
334.89,45,5.577,0.391
335.12,9,4.084,0.247
335.12,45,5.49,0.4
335.35,45,5.479,0.399
335.58,63,3.246,-0.122
335.58,45,5.479,0.407
335.82,45,5.479,0.405
336.06,45,5.479,0.404
336.28,81,1.877,-0.23
336.28,45,5.479,0.407
336.52,9,4.018,0.265
336.52,45,5.398,0.412
336.75,45,5.277,0.487
336.99,45,5.202,0.493
337.23,45,5.277,0.484
337.45,45,5.33,0.45
337.69,45,5.385,0.409
337.92,9,3.973,0.262
337.92,45,5.398,0.406
338.16,45,5.376,0.404
338.38,45,5.376,0.399
338.63,45,5.376,0.4
338.85,45,5.376,0.404
339.09,45,5.376,0.408
339.31,45,5.356,0.417
339.56,45,5.347,0.421
339.79,45,5.369,0.416
340.03,45,5.296,0.41
340.26,45,5.277,0.412
340.5,63,3.029,-0.131
340.5,45,5.277,0.421
340.74,45,5.309,0.423
340.96,45,5.277,0.423
341.2,45,5.253,0.42
341.43,63,2.988,-0.134
341.43,45,5.277,0.425
341.69,45,5.269,0.424
341.95,63,2.977,-0.132
341.95,45,5.188,0.428
342.19,9,3.774,0.277
342.19,45,5.194,0.424
342.42,45,5.199,0.422
342.66,45,5.205,0.424
342.9,45,5.182,0.424
343.13,45,5.182,0.422
343.37,45,5.148,0.426
343.6,45,5.174,0.43
343.83,45,5.125,0.428
344.07,45,5.123,0.423
344.31,45,5.176,0.433
344.53,45,5.155,0.432
344.77,45,5.103,0.427
345.01,45,5.169,0.433
345.24,45,5.09,0.427
345.48,45,5.105,0.428
345.72,45,5.082,0.434
345.94,45,5.09,0.435
346.19,45,5.09,0.432
346.43,45,5.075,0.431
346.65,45,5.075,0.433
346.89,45,5.023,0.439
347.13,45,5.084,0.439
347.35,45,5.09,0.438
347.59,9,3.613,0.286
347.59,45,5.063,0.443
347.82,63,2.768,-0.144
347.82,45,5.001,0.437
348.06,45,5.001,0.435
348.28,9,3.499,0.365
348.52,45,4.801,0.533
348.76,63,2.719,-0.056
348.76,9,3.434,0.389
348.76,45,4.754,0.536
349,63,2.696,-0.056
349,9,3.431,0.384
349,45,4.754,0.537
349.25,63,2.69,-0.063
349.47,63,2.691,-0.022
349.69,63,2.679,0.005
349.69,9,3.315,0.458
349.94,63,2.661,-0.07
349.94,9,3.418,0.385
349.94,45,4.754,0.531
350.18,63,2.675,-0.081
350.18,9,3.431,0.372
350.18,45,4.783,0.517
350.41,63,2.666,-0.085
350.41,45,4.833,0.511
350.64,63,2.634,-0.173
350.64,9,3.504,0.283
350.64,45,5.001,0.421
350.88,63,2.611,-0.239
350.88,9,3.541,0.217
350.88,45,5.09,0.353
351.12,9,3.584,0.153
351.12,45,5.182,0.288
351.34,9,3.624,0.059
351.34,45,5.277,0.198
351.57,9,3.628,-0.002
351.57,45,5.326,0.142
351.57,72,3.015,0.551
351.81,9,3.626,-0.054
351.81,45,5.367,0.088
351.81,72,3.108,0.49
352.09,72,3.196,0.416
352.32,72,3.261,0.378
352.54,90,4.833,0.45
352.77,90,4.833,0.413
353.01,72,3.379,0.212
353.24,90,5.09,0.307
353.46,72,3.458,0.097
353.46,90,5.09,0.254
353.69,90,5.182,0.218
354.15,18,1.549,0.544
354.38,18,1.576,0.509
354.6,18,1.598,0.471
354.82,18,1.635,0.423
355.06,90,5.277,-0.023
355.06,18,1.646,0.399
355.29,18,1.673,0.346
355.51,18,1.688,0.321
355.74,18,1.712,0.271
355.98,18,1.723,0.232
356.43,18,1.737,0.231
356.67,18,1.726,0.221
356.89,18,1.73,0.198
357.58,90,5.229,-0.153
357.81,18,1.666,0.334
358.03,18,1.575,0.491
358.72,72,3.405,0.2
358.95,72,3.401,0.198
359.18,90,5.001,0.324
359.41,90,5.09,0.282
359.64,72,3.451,0.056
359.87,18,1.522,0.567
360.1,18,1.554,0.525
360.33,18,1.6,0.463
360.56,18,1.632,0.4
360.79,72,3.379,-0.211
360.79,90,5.277,-0.047
360.79,18,1.651,0.368
361.02,18,1.675,0.316
361.25,18,1.699,0.265
361.49,90,5.182,-0.189
361.49,18,1.717,0.234
361.72,90,5.09,-0.226
361.72,18,1.733,0.189
362,18,1.737,0.144
362.22,18,1.745,0.112
362.46,18,1.756,0.056
362.69,18,1.757,0.015
362.93,18,1.753,-0.024
363.15,18,1.759,-0.06
363.39,18,1.754,-0.101
363.85,18,1.764,-0.017
364.32,18,1.747,-0.03
364.56,18,1.743,-0.06
364.8,18,1.739,-0.083
365.02,18,1.739,-0.101
365.49,18,1.736,-0.096
365.97,18,1.727,-0.053
366.19,18,1.72,-0.066
366.44,18,1.715,-0.105
366.68,18,1.716,-0.138
366.9,18,1.716,-0.151
367.14,18,1.717,-0.119
367.37,18,1.728,-0.017
367.6,18,1.722,0.091
367.83,18,1.706,0.202
368.06,18,1.642,0.346
368.29,18,1.644,0.346
368.52,18,1.643,0.343
368.75,18,1.659,0.312
368.99,18,1.681,0.248
369.21,18,1.688,0.222
369.44,18,1.711,0.146
369.68,18,1.723,0.099
369.9,18,1.725,0.048
370.13,18,1.725,0.004
370.37,18,1.722,-0.062
370.59,18,1.729,-0.092
370.83,18,1.711,-0.131
371.07,18,1.708,-0.181
371.29,18,1.699,-0.214
371.53,18,1.682,-0.262
371.79,18,1.673,-0.306
372.07,18,1.656,-0.343
375.13,7,1.859,0.543
375.38,7,1.919,0.444
375.62,7,1.969,0.362
375.84,7,2.007,0.232
376.08,7,2.03,0.155
376.32,7,2.04,0.081
376.54,70,3.741,0.569
376.78,70,3.868,0.49
377.02,70,4,0.408
377.25,36,2.786,0.515
377.49,36,2.864,0.429
377.73,70,4.247,0.122
377.73,36,2.941,0.346
377.95,36,3.003,0.222
378.19,36,3.033,0.139
378.42,36,3.065,0.058
378.64,36,3.033,-0.063
378.88,36,3.033,-0.142
379.11,16,3.72,0.437
379.35,16,3.868,0.309
379.57,16,3.897,0.229
379.81,16,3.973,0.141
380.28,27,2.389,0.514
380.52,27,2.469,0.43
380.77,27,2.546,0.302
381.52,27,2.615,0.144
381.75,27,2.616,0.024
382,27,2.613,-0.026
382.25,27,2.589,-0.113
382.47,27,2.589,-0.143
382.69,27,2.546,-0.19
382.92,81,1.359,0.531
383.14,81,1.389,0.463
383.59,63,2.567,0.496
383.82,81,1.441,0.332
384.28,81,1.453,0.3
384.28,63,2.647,0.415
384.51,63,2.668,0.388
384.75,63,2.708,0.333
384.97,63,2.718,0.295
385.2,63,2.734,0.278
385.44,81,1.469,0.159
385.44,63,2.739,0.275
385.66,63,2.731,0.271
385.9,63,2.735,0.271
386.13,63,2.713,0.269
386.37,63,2.715,0.271
386.59,63,2.699,0.272
386.83,63,2.716,0.272
387.06,63,2.683,0.273
387.28,63,2.675,0.275
387.52,63,2.667,0.278
387.75,63,2.653,0.278
387.99,63,2.647,0.278
388.21,63,2.641,0.278
388.44,63,2.638,0.278
388.68,63,2.618,0.278
388.9,63,2.616,0.278
389.14,63,2.615,0.28
389.37,63,2.601,0.28
389.59,63,2.598,0.282
389.83,63,2.595,0.283
390.06,63,2.574,0.287
390.3,63,2.565,0.287
390.52,63,2.574,0.278
390.75,81,1.285,0.175
390.75,63,2.56,0.283
390.99,63,2.534,0.292
391.21,63,2.535,0.294
391.45,63,2.526,0.296
391.68,63,2.526,0.297
391.96,63,2.51,0.299
392.19,63,2.496,0.299
392.65,63,2.471,0.299
392.88,63,2.463,0.302
393.34,63,2.484,0.167
393.57,9,3.162,0.526
393.79,63,2.49,0.004
394.02,45,4.833,0.478
394.26,9,3.458,0.244
394.49,45,5.09,0.273
394.72,45,5.238,0.191
394.95,9,3.499,-0.044
394.95,45,5.277,0.065
395.19,9,3.464,-0.129
395.19,45,5.277,-0.019
395.19,90,4.754,0.536
395.41,9,3.418,-0.201
395.41,45,5.277,-0.083
395.41,90,4.833,0.47
395.65,45,5.245,-0.137
395.65,90,4.933,0.416
396.13,45,5.182,-0.187
396.13,90,5.001,0.376
396.87,90,4.933,0.358
397.11,90,4.916,0.351
397.37,90,4.916,0.358
397.6,90,4.958,0.347
397.84,45,5.001,-0.227
397.84,90,4.916,0.351
398.08,45,5.001,-0.216
398.08,90,4.833,0.356
398.32,90,4.916,0.354
398.58,90,4.854,0.329
399.07,90,4.916,0.3
399.31,90,4.916,0.294
399.54,90,4.888,0.297
399.78,90,4.861,0.297
400,90,4.833,0.302
400.25,90,4.771,0.302
400.5,90,4.766,0.304
400.74,90,4.78,0.304
401.71,90,4.749,0.313
401.98,90,4.682,0.315
402.7,90,4.683,0.318
402.93,90,4.609,0.316
403.15,90,4.61,0.317
403.39,90,4.602,0.32
403.62,90,4.61,0.32
403.84,90,4.602,0.315
404.08,90,4.53,0.319
404.31,90,4.554,0.323
404.55,90,4.53,0.32
404.77,90,4.46,0.329
405,90,4.516,0.329
405.22,90,4.46,0.334
405.66,90,4.46,0.311
405.9,90,4.42,0.309
406.57,90,4.46,0.297
406.8,90,4.452,0.296
407.47,90,4.346,0.32
407.94,90,4.393,0.326
408.64,72,2.604,0.215
408.64,90,4.341,0.324
408.88,72,2.617,0.209
408.88,90,4.327,0.324
409.11,72,2.621,0.214
409.11,90,4.366,0.323
409.35,90,4.334,0.317
410.16,90,4.327,0.312
410.41,90,4.316,0.302
410.65,90,4.327,0.283
410.89,90,4.264,0.298
411.15,90,4.211,0.303
411.4,90,4.217,0.3
411.96,90,4.202,0.291
412.19,72,2.418,0.201
412.41,90,4.142,0.297
412.65,90,4.142,0.29
412.88,90,4.142,0.292
413.12,90,4.142,0.277
413.34,90,4.136,0.274
413.56,90,4.084,0.283
414.48,90,4.015,0.288
414.7,90,3.985,0.285
414.93,90,4.028,0.277
415.38,90,3.973,0.291
415.6,90,4,0.287
415.81,90,3.976,0.289
416.04,90,3.981,0.289
416.26,90,3.976,0.289
416.49,90,3.953,0.288
416.71,90,3.985,0.287
416.94,90,3.979,0.289
417.16,90,3.98,0.289
417.39,90,3.98,0.289
417.62,90,3.973,0.288
417.84,90,3.982,0.288
418.06,90,3.98,0.289
418.27,90,3.98,0.289
418.5,90,3.977,0.289
418.72,90,3.973,0.288
418.96,90,3.984,0.288
419.19,90,3.981,0.288
419.41,90,3.983,0.289
419.65,72,2.214,0.191
419.65,90,3.981,0.289
419.89,72,2.215,0.191
419.89,90,3.981,0.289
420.12,72,2.213,0.191
420.12,90,3.986,0.288
420.34,72,2.216,0.191
420.34,90,3.981,0.288
420.57,72,2.215,0.191
420.58,90,3.981,0.289
420.81,72,2.217,0.191
420.81,90,3.973,0.289
421.03,72,2.217,0.191
421.03,90,3.985,0.288
421.26,72,2.215,0.191
421.26,90,3.977,0.289
421.5,72,2.215,0.191
421.5,90,3.976,0.288
421.72,72,2.216,0.191
421.74,90,3.981,0.288
422.46,72,2.186,0.173
422.46,90,3.973,0.271
423.15,90,3.919,0.267
423.38,90,3.919,0.262
423.6,90,3.919,0.258
423.84,90,3.919,0.263
424.29,90,3.868,0.265
424.51,72,2.042,0.172
424.51,90,3.824,0.267
424.74,72,2.063,0.153
424.98,90,3.817,0.246
425.2,90,3.768,0.256
425.43,90,3.776,0.26
426.12,90,3.72,0.258
426.34,90,3.72,0.261
426.57,90,3.72,0.241
426.79,90,3.681,0.246
427.03,90,3.708,0.244
427.26,90,3.669,0.246
427.48,90,3.674,0.239
427.71,90,3.674,0.238
427.92,90,3.635,0.234
428.14,90,3.628,0.222
428.37,72,1.781,0.128
428.37,90,3.62,0.213
428.61,72,1.785,0.131
428.61,90,3.628,0.206
429.51,72,1.74,0.101
429.51,90,3.559,0.193
429.75,72,1.744,0.108
429.75,90,3.586,0.191
430.21,72,1.718,0.121
430.21,90,3.541,0.207
430.44,90,3.539,0.217
430.92,72,1.665,0.126
430.92,90,3.477,0.215
431.16,72,1.656,0.103
431.16,90,3.474,0.207
431.38,72,1.625,0.134
431.38,90,3.46,0.215
431.64,72,1.622,0.106
431.88,90,3.424,0.201
432.12,90,3.392,0.206
432.36,72,1.561,0.117
432.36,90,3.404,0.196
432.6,90,3.385,0.194
433.08,72,1.51,0.108
433.08,90,3.34,0.186
433.32,72,1.5,0.114
433.32,90,3.35,0.194
433.54,90,3.296,0.195
433.78,90,3.303,0.182
434.01,72,1.427,0.188
434.01,90,3.231,0.255
434.23,90,3.166,0.324
434.46,90,3.049,0.43
434.7,90,2.973,0.494
434.93,72,1.28,0.487
435.15,72,1.244,0.546
435.39,45,3.267,-0.175
435.62,45,3.267,-0.103
435.84,45,3.281,-0.05
436.08,45,3.267,0.032
436.31,45,3.241,0.091
436.53,45,3.231,0.125
436.75,45,3.201,0.167
437,45,3.162,0.229
437.46,45,3.126,0.251
437.71,45,3.134,0.251
437.94,45,3.133,0.251
438.18,45,3.114,0.251
438.4,45,3.119,0.251
438.64,45,3.137,0.251
438.87,45,3.137,0.251
439.11,45,3.134,0.251
439.33,45,3.114,0.251
439.57,45,3.126,0.251
439.8,45,3.123,0.251
440.04,9,1.659,-0.221
440.04,45,3.131,0.251
440.28,9,1.658,-0.222
440.28,45,3.131,0.251
440.5,9,1.656,-0.223
440.5,45,3.131,0.251
440.75,9,1.665,-0.219
440.75,45,3.125,0.251
440.98,9,1.669,-0.216
440.98,45,3.128,0.251
441.21,9,1.659,-0.222
441.21,45,3.122,0.251
441.45,9,1.662,-0.221
441.45,45,3.133,0.251
441.68,9,1.669,-0.215
441.69,45,3.13,0.251
442.33,45,3.131,0.251
442.59,45,3.13,0.251
442.81,9,1.658,-0.244
442.81,45,3.131,0.251
443.06,9,1.66,-0.244
443.06,45,3.129,0.251
443.28,9,1.656,-0.222
443.28,45,3.129,0.251
443.52,9,1.665,-0.217
443.52,45,3.118,0.251
443.75,9,1.661,-0.242
443.75,45,3.126,0.251
443.98,9,1.66,-0.22
443.98,45,3.128,0.251
444.21,9,1.653,-0.242
444.21,45,3.131,0.251
444.45,9,1.66,-0.218
444.45,45,3.125,0.251
444.68,9,1.656,-0.269
444.68,45,3.125,0.251
444.91,9,1.661,-0.218
444.91,45,3.133,0.251
445.15,9,1.665,-0.241
445.15,45,3.13,0.251
445.38,9,1.668,-0.239
445.38,45,3.125,0.251
445.62,9,1.659,-0.221
445.62,45,3.128,0.251
445.84,9,1.673,-0.211
445.84,45,3.128,0.251
446.08,9,1.661,-0.218
446.08,45,3.131,0.251
446.31,9,1.658,-0.222
446.31,45,3.129,0.251
446.55,9,1.665,-0.219
446.55,45,3.125,0.251
446.77,9,1.656,-0.224
446.77,45,3.124,0.251
447.01,9,1.668,-0.24
447.01,45,3.126,0.251
447.24,9,1.648,-0.23
447.25,45,3.125,0.251
447.48,9,1.665,-0.22
447.48,45,3.126,0.251
447.72,9,1.669,-0.216
447.72,45,3.129,0.251
447.94,9,1.665,-0.217
447.94,45,3.124,0.251
448.19,9,1.656,-0.225
448.19,45,3.129,0.25
448.41,9,1.656,-0.224
448.41,45,3.125,0.251
448.65,9,1.656,-0.223
448.65,45,3.126,0.251
448.88,9,1.665,-0.219
448.88,45,3.129,0.251
449.12,9,1.66,-0.221
449.12,45,3.128,0.251
449.34,9,1.656,-0.224
449.34,45,3.124,0.251
449.58,9,1.665,-0.219
449.58,45,3.128,0.251
449.81,9,1.66,-0.222
449.81,45,3.125,0.251
450.04,9,1.669,-0.216
450.04,45,3.125,0.251
450.27,9,1.673,-0.214
450.27,45,3.125,0.251
450.51,9,1.656,-0.224
450.51,45,3.126,0.251
450.73,9,1.665,-0.219
450.73,45,3.118,0.251
450.97,9,1.663,-0.219
450.97,45,3.125,0.251
451.2,9,1.665,-0.219
451.2,45,3.128,0.251
451.44,9,1.655,-0.241
451.44,45,3.125,0.251
451.66,9,1.665,-0.219
451.66,45,3.122,0.251
451.9,45,3.119,0.251
452.14,9,1.656,-0.224
452.14,45,3.122,0.251
452.37,9,1.66,-0.221
452.37,45,3.125,0.251
452.61,9,1.656,-0.225
452.61,45,3.122,0.251
452.83,9,1.659,-0.221
452.83,45,3.123,0.251
453.48,45,3.125,0.251
453.7,45,3.123,0.251
453.93,45,3.123,0.251
454.17,45,3.12,0.251
454.39,45,3.123,0.251
454.62,45,3.117,0.251
454.86,45,3.123,0.251
455.08,45,3.122,0.251
455.31,45,3.117,0.251
455.53,45,3.119,0.251
455.77,45,3.122,0.251
456,45,3.119,0.251
456.22,45,3.129,0.251
456.46,45,3.117,0.251
456.69,45,3.122,0.251
456.91,45,3.119,0.251
457.15,45,3.118,0.251
457.38,45,3.117,0.251
457.6,45,3.123,0.251
457.83,45,3.114,0.251
458.07,45,3.116,0.251
458.29,45,3.124,0.251
458.52,45,3.116,0.251
458.76,45,3.116,0.251
458.98,45,3.117,0.251
459.21,45,3.12,0.251
459.45,45,3.113,0.251
459.68,45,3.122,0.251
459.9,45,3.124,0.251
460.13,45,3.119,0.25
460.37,45,3.12,0.251
460.59,45,3.117,0.25
460.81,45,3.118,0.251
461.06,45,3.116,0.251
461.28,45,3.114,0.25
461.5,45,3.113,0.251
461.76,45,3.118,0.251
461.98,45,3.12,0.251
462.21,45,3.116,0.251
462.45,45,3.123,0.251
462.67,45,3.125,0.251
462.9,45,3.119,0.251
463.14,45,3.12,0.251
463.37,45,3.118,0.251
463.59,45,3.117,0.251
463.81,45,3.118,0.251
464.56,45,3.122,0.251
464.79,45,3.114,0.251
465.01,45,3.114,0.251
465.25,45,3.118,0.251
465.48,45,3.122,0.251
465.72,45,3.113,0.251
465.94,45,3.117,0.251
466.17,45,3.116,0.251
466.39,45,3.116,0.251
466.63,45,3.116,0.251
466.86,45,3.118,0.251
467.08,45,3.119,0.251
467.32,45,3.117,0.251
467.55,45,3.113,0.251
467.77,45,3.116,0.251
468.01,45,3.12,0.251
468.24,45,3.119,0.251
468.46,45,3.119,0.251
468.69,45,3.116,0.251
468.93,45,3.119,0.251
469.15,45,3.117,0.251
469.38,45,3.118,0.251
469.62,45,3.118,0.251
469.84,45,3.119,0.251
470.07,45,3.12,0.251
470.29,45,3.119,0.251
470.53,45,3.122,0.251
470.76,45,3.117,0.251
470.98,45,3.117,0.251
471.22,45,3.119,0.251
471.45,45,3.119,0.251
471.67,45,3.113,0.251
471.91,45,3.119,0.251
472.14,45,3.124,0.251
472.37,45,3.117,0.251
472.59,45,3.123,0.251
472.83,45,3.114,0.251
473.06,45,3.118,0.251
473.28,45,3.118,0.251
473.52,45,3.119,0.251
473.75,9,1.66,-0.22
473.75,45,3.118,0.251
473.97,45,3.12,0.251
474.19,45,3.117,0.251
474.44,45,3.118,0.251
474.66,45,3.122,0.251
474.88,45,3.117,0.251
475.72,45,3.117,0.251
475.95,45,3.116,0.251
476.19,45,3.12,0.251
476.41,45,3.116,0.251
476.64,45,3.117,0.251
476.88,45,3.116,0.251
477.1,45,3.114,0.251
477.33,45,3.114,0.251
477.57,45,3.116,0.251
477.79,45,3.122,0.251
478.02,45,3.118,0.251
478.25,45,3.123,0.251
478.48,45,3.118,0.251
478.71,45,3.113,0.251
478.94,45,3.116,0.251
479.16,45,3.116,0.251
479.4,45,3.118,0.251
479.63,45,3.119,0.251
479.85,45,3.117,0.251
480.09,45,3.114,0.251
480.31,45,3.12,0.251
480.54,45,3.116,0.251
480.78,45,3.116,0.251
481,45,3.119,0.251
481.23,45,3.114,0.251
481.45,45,3.118,0.251
481.69,45,3.114,0.251
481.92,45,3.118,0.251
482.14,45,3.119,0.251
482.38,45,3.117,0.251
482.61,45,3.118,0.251
482.83,45,3.118,0.251
483.07,45,3.114,0.251
483.3,45,3.118,0.251
483.52,45,3.113,0.251
483.75,45,3.114,0.251
483.99,45,3.114,0.251
484.21,45,3.117,0.251
484.44,45,3.114,0.251
484.68,45,3.117,0.251
484.9,45,3.117,0.251
485.13,45,3.116,0.251
485.37,45,3.117,0.251
485.59,45,3.113,0.251
485.82,45,3.118,0.251
486.31,45,3.113,0.251
486.54,45,3.114,0.251
486.78,45,3.116,0.251
487,45,3.116,0.251
487.23,45,3.118,0.251
487.47,45,3.113,0.251
487.69,45,3.118,0.251
487.92,45,3.114,0.251
488.16,45,3.114,0.251
488.38,45,3.114,0.251
488.61,45,3.115,0.25
488.85,45,3.118,0.251
489.07,45,3.116,0.251
489.3,45,3.114,0.251
489.52,45,3.118,0.251
489.76,45,3.116,0.251
489.99,45,3.113,0.251
490.21,45,3.114,0.251
490.45,45,3.118,0.251
490.68,45,3.117,0.251
490.9,45,3.116,0.251
491.13,45,3.119,0.251
491.37,45,3.116,0.251
491.61,9,1.658,-0.222
491.61,45,3.117,0.251
491.83,45,3.119,0.251
492.07,45,3.114,0.251
492.3,45,3.114,0.251
492.52,45,3.12,0.251
492.76,45,3.116,0.251
492.99,45,3.117,0.251
493.21,45,3.114,0.251
493.45,45,3.119,0.251
493.68,45,3.114,0.251
493.9,45,3.116,0.251
494.13,45,3.114,0.251
494.37,45,3.116,0.251
494.59,45,3.114,0.251
494.82,45,3.113,0.251
495.06,45,3.117,0.251
495.28,45,3.118,0.251
495.51,45,3.119,0.251
495.73,45,3.117,0.251
495.97,45,3.114,0.251
496.2,45,3.114,0.251
496.42,45,3.114,0.251
496.66,45,3.116,0.251
496.89,45,3.113,0.251
497.46,45,3.117,0.251
497.69,45,3.12,0.251
497.91,45,3.117,0.251
498.15,45,3.117,0.251
498.38,45,3.114,0.251
498.6,45,3.114,0.251
498.82,45,3.117,0.251
499.06,45,3.117,0.251
499.29,45,3.114,0.251
499.51,45,3.113,0.25
499.75,45,3.117,0.251
499.98,45,3.116,0.251
500.22,45,3.114,0.251
500.44,45,3.116,0.251
500.67,45,3.119,0.251
500.91,45,3.114,0.251
501.13,45,3.113,0.251
501.36,45,3.114,0.251
501.58,45,3.116,0.251
501.82,45,3.116,0.251
502.05,45,3.117,0.251
502.29,45,3.114,0.251
502.51,45,3.114,0.251
502.74,45,3.116,0.251
502.96,45,3.116,0.251
503.2,45,3.116,0.251
503.43,45,3.114,0.251
503.65,45,3.116,0.251
503.89,45,3.114,0.251
504.12,45,3.114,0.251
504.34,45,3.116,0.251
504.57,45,3.117,0.251
504.81,45,3.116,0.251
505.03,45,3.116,0.251
505.26,45,3.116,0.251
505.5,45,3.116,0.251
505.72,45,3.114,0.251
505.95,45,3.116,0.251
506.17,45,3.114,0.251
506.41,45,3.114,0.251
506.64,45,3.116,0.251
506.87,45,3.114,0.251
507.1,45,3.114,0.251
507.33,45,3.114,0.251
507.56,45,3.114,0.251
507.79,45,3.116,0.251
508.39,45,3.113,0.251
508.62,45,3.114,0.251
508.86,45,3.117,0.251
509.08,45,3.116,0.251
509.31,45,3.114,0.251
509.55,45,3.118,0.251
509.77,45,3.116,0.251
510,45,3.114,0.251
510.24,45,3.117,0.251
510.46,45,3.116,0.251
510.69,45,3.116,0.251
510.91,45,3.114,0.251
511.15,45,3.114,0.251
511.38,45,3.114,0.251
511.6,45,3.117,0.251
511.84,45,3.116,0.251
512.07,45,3.117,0.251
512.29,45,3.115,0.25
512.53,45,3.114,0.251
512.76,45,3.114,0.251
512.99,45,3.116,0.251
513.21,45,3.116,0.251
513.45,45,3.117,0.251
513.67,45,3.116,0.251
513.9,45,3.118,0.251
514.14,45,3.116,0.251
514.37,45,3.116,0.251
514.59,45,3.114,0.251
514.83,45,3.114,0.251
515.05,45,3.113,0.251
515.28,45,3.116,0.251
515.5,45,3.117,0.251
515.75,45,3.117,0.251
515.97,45,3.117,0.251
516.19,45,3.116,0.251
516.43,45,3.117,0.251
516.66,45,3.116,0.251
516.88,45,3.114,0.251
517.13,45,3.114,0.251
517.35,45,3.117,0.251
517.57,45,3.116,0.251
517.8,45,3.114,0.251
518.04,45,3.116,0.251
518.26,45,3.116,0.251
518.49,45,3.117,0.251
518.73,45,3.116,0.251
519.42,45,3.116,0.251
519.64,45,3.114,0.251
519.87,45,3.116,0.251
520.11,45,3.116,0.251
520.34,45,3.116,0.251
520.56,45,3.116,0.251
520.8,45,3.116,0.251
521.02,45,3.116,0.251
521.25,45,3.116,0.251
521.48,45,3.114,0.251
521.73,9,1.658,-0.222
521.73,45,3.117,0.251
521.97,9,1.656,-0.239
521.97,45,3.116,0.251
522.21,9,1.658,-0.223
522.21,45,3.116,0.251
522.45,9,1.656,-0.224
522.45,45,3.116,0.251
522.69,9,1.663,-0.219
522.69,45,3.117,0.251
522.91,9,1.665,-0.217
522.91,45,3.116,0.251
523.15,9,1.661,-0.22
523.15,45,3.117,0.251
523.39,9,1.665,-0.219
523.39,45,3.114,0.251
523.62,45,3.116,0.251
523.86,45,3.117,0.251
524.09,45,3.116,0.251
524.31,45,3.116,0.251
524.55,45,3.116,0.251
524.77,45,3.116,0.251
525,45,3.116,0.251
525.23,45,3.116,0.251
525.47,45,3.116,0.251
525.69,45,3.116,0.251
525.91,45,3.116,0.251
526.15,45,3.117,0.251
526.38,45,3.116,0.251
526.61,45,3.116,0.251
526.85,45,3.114,0.251
527.07,45,3.117,0.251
527.29,45,3.115,0.25
527.52,45,3.117,0.251
527.77,9,1.669,-0.215
527.77,45,3.118,0.251
528.03,9,1.657,-0.224
528.03,45,3.117,0.251
528.27,9,1.665,-0.219
528.27,45,3.114,0.251
528.52,9,1.659,-0.222
528.52,45,3.116,0.25
528.76,9,1.662,-0.219
528.76,45,3.116,0.251
529,9,1.665,-0.219
529,45,3.116,0.251
529.23,9,1.663,-0.219
529.23,45,3.116,0.251
529.47,9,1.662,-0.218
529.47,45,3.118,0.251
529.71,9,1.669,-0.215
529.71,45,3.117,0.251
530,45,3.116,0.251
530.24,9,1.66,-0.219
530.24,45,3.116,0.251
530.52,45,3.116,0.251
530.75,45,3.116,0.251
530.99,45,3.116,0.251
531.21,45,3.116,0.251
531.45,45,3.116,0.251
531.69,45,3.114,0.251
531.91,45,3.116,0.251
532.15,45,3.117,0.251
532.38,45,3.117,0.251
532.73,9,1.656,-0.224
532.73,45,3.118,0.251
533.1,9,1.66,-0.241
533.1,45,3.114,0.251
533.41,9,1.668,-0.216
533.41,45,3.116,0.251
533.67,9,1.669,-0.215
533.67,45,3.116,0.251
533.91,9,1.66,-0.22
533.91,45,3.116,0.251
534.13,9,1.66,-0.244
534.13,45,3.117,0.251
534.38,9,1.663,-0.217
534.38,45,3.117,0.251
534.62,9,1.663,-0.217
534.62,45,3.116,0.251
534.84,9,1.655,-0.226
534.84,45,3.114,0.251
535.08,9,1.658,-0.221
535.08,45,3.117,0.251
535.32,9,1.656,-0.224
535.32,45,3.116,0.25
535.56,9,1.66,-0.223
535.56,45,3.117,0.251
535.78,9,1.66,-0.222
535.78,45,3.116,0.251
536.02,9,1.656,-0.226
536.02,45,3.116,0.251
536.26,9,1.655,-0.241
536.26,45,3.114,0.251
536.49,9,1.663,-0.217
536.49,45,3.117,0.251
536.73,9,1.652,-0.227
536.73,45,3.116,0.251
536.97,9,1.656,-0.226
536.97,45,3.116,0.251
537.19,45,3.117,0.251
537.43,9,1.658,-0.222
537.43,45,3.116,0.251
537.67,9,1.662,-0.217
537.67,45,3.116,0.251
537.9,9,1.66,-0.22
537.9,45,3.117,0.251
538.14,9,1.665,-0.216
538.14,45,3.116,0.251
538.37,9,1.659,-0.221
538.37,45,3.117,0.251
538.61,9,1.661,-0.219
538.61,45,3.117,0.251
538.85,9,1.665,-0.219
538.85,45,3.116,0.251
539.07,9,1.669,-0.215
539.07,45,3.116,0.251
539.31,9,1.658,-0.222
539.31,45,3.116,0.251
539.55,9,1.659,-0.243
539.55,45,3.116,0.251
539.77,9,1.652,-0.225
539.77,45,3.116,0.251
540.01,45,3.117,0.251
540.25,45,3.116,0.251
540.48,45,3.116,0.251
540.72,45,3.116,0.251
540.94,45,3.117,0.251
541.18,45,3.117,0.251
541.41,45,3.116,0.251
541.65,45,3.116,0.251
541.88,45,3.117,0.251
542.12,45,3.116,0.251
542.34,45,3.116,0.251
542.58,45,3.115,0.25
542.82,45,3.117,0.251
543.06,45,3.118,0.251
543.28,45,3.117,0.251
543.52,45,3.116,0.251
543.75,45,3.117,0.251
543.99,45,3.117,0.251
544.22,45,3.117,0.251
544.45,45,3.117,0.251
544.68,45,3.116,0.251
544.92,45,3.116,0.251
545.14,45,3.115,0.25
545.38,45,3.116,0.251
545.61,45,3.117,0.251
545.85,45,3.116,0.25
546.09,45,3.117,0.251
546.33,9,1.658,-0.244
546.33,45,3.116,0.251
546.55,9,1.654,-0.224
546.55,45,3.117,0.251
546.81,45,3.118,0.251
547.13,9,1.673,-0.214
547.13,45,3.117,0.251
547.5,9,1.663,-0.219
547.5,45,3.117,0.251
548.02,45,3.116,0.251
548.32,45,3.117,0.251
548.56,45,3.117,0.251
548.79,45,3.115,0.25
549.01,45,3.116,0.25
549.25,45,3.116,0.251
549.5,45,3.116,0.251
549.72,45,3.116,0.251
549.99,45,3.121,0.252
550.47,45,3.121,0.253
550.93,45,3.07,0.254
551.17,45,3.068,0.253
551.4,45,3.029,0.253
551.64,45,3.016,0.255
551.88,45,3.005,0.256
552.12,45,3.006,0.258
552.35,45,2.977,0.261
552.59,45,2.944,0.253
552.82,45,2.937,0.267
553.05,45,2.929,0.263
553.29,45,2.899,0.268
553.75,45,2.891,0.271
554,45,2.889,0.272
554.24,45,2.863,0.272
554.46,45,2.834,0.272
554.7,45,2.831,0.273
554.94,45,2.787,0.279
555.16,45,2.794,0.28
555.4,45,2.762,0.281
555.87,45,2.733,0.288
556.11,45,2.718,0.29
556.35,45,2.701,0.289
556.57,45,2.677,0.292
556.81,45,2.663,0.293
557.04,45,2.689,0.234
557.28,45,2.709,0.164
557.73,45,2.714,-0.027
557.97,45,2.682,-0.1
558.3,45,2.675,-0.15
572.88,90,2.05,0.53
573.33,90,2.013,0.534
573.79,90,2.032,0.487
574.25,90,2.035,0.458
574.47,90,2.029,0.461
574.71,90,2.01,0.468
575.4,90,2.026,0.387
575.63,90,2.017,0.387
575.85,90,1.998,0.39
576.54,90,2.011,0.3
576.99,90,1.982,0.302
577.45,90,1.96,0.277
577.92,90,1.976,0.232
578.14,90,1.944,0.23
578.37,90,1.943,0.24
578.61,90,1.937,0.197
579.06,90,1.907,0.139
579.3,90,1.908,0.14
579.52,90,1.892,0.141
580.03,90,1.872,0.06
580.26,90,1.849,0.06
580.5,90,1.843,0.059
580.73,90,1.816,0.061
580.95,90,1.814,0.005
581.41,90,1.788,-0.023
581.65,90,1.771,-0.032
581.89,90,1.744,-0.024
582.36,90,1.707,-0.127
582.58,90,1.689,-0.129
582.82,90,1.67,-0.127
583.29,90,1.625,-0.173
583.53,90,1.616,-0.21
584,90,1.598,-0.21
584.24,90,1.562,-0.231
584.7,90,1.531,-0.3
585.4,90,1.484,-0.314
